{
  "project_info": {
    "project_number": "98972723798",
    "firebase_url": "https://shoplits-f0d9e.firebaseio.com",
    "project_id": "shoplits-f0d9e",
    "storage_bucket": "shoplits-f0d9e.appspot.com"
  },
  "client": [
    {
      "client_info": {
        "mobilesdk_app_id": "1:98972723798:android:9a4a7771cb810e8c",
        "android_client_info": {
          "package_name": "com.example.testproject"
        }
      },
      "oauth_client": [
        {
          "client_id": "98972723798-lcjaed2es8hrroobco3vm7ikkcnptrvc.apps.googleusercontent.com",
          "client_type": 3
        }
      ],
      "api_key": [
        {
          "current_key": "AIzaSyB8nicLMIk0T3zmuqH2ae3jPSMdCsVtXT4"
        }
      ],
      "services": {
        "analytics_service": {
          "status": 1
        },
        "appinvite_service": {
          "status": 1,
          "other_platform_oauth_client": []
        },
        "ads_service": {
          "status": 2
        }
      }
    }
  ],
  "configuration_version": "1"
}